city,location_id,station_name,network,parameter,sensor_id,latitude,longitude,first_reading,last_reading
Hyderabad,407,"Zoo Park, Hyderabad - TSPCB",CPCB,pm10,12235582,17.349694,78.451437,2025-02-18T20:15:00Z,2026-10-01T04:00:00Z
Hyderabad,407,"Zoo Park, Hyderabad - TSPCB",CPCB,pm25,12235583,17.349694,78.451437,2025-02-18T20:15:00Z,2026-10-01T04:00:00Z
Lucknow,2456,"Talkatora District Industries Center, Lucknow - CPCB",CPCB,pm25,12235574,26.83399722,80.8917361,2025-02-18T20:15:00Z,2026-10-02T08:30:00Z
Jaipur,5612,"Shastri Nagar, Jaipur - RSPCB",CPCB,pm10,12234875,26.9502929,75.730943,2025-02-18T20:15:00Z,2026-10-02T08:30:00Z
Jaipur,5612,"Shastri Nagar, Jaipur - RSPCB",CPCB,pm25,12234876,26.9502929,75.730943,2025-02-18T20:15:00Z,2026-10-02T08:30:00Z
Ahmedabad,5631,"Maninagar, Ahmedabad - GPCB",CPCB,pm25,12235671,23.002657,72.591912,2025-02-18T20:15:00Z,2026-10-02T08:30:00Z
Kanpur,5662,"Nehru Nagar, Kanpur - UPPCB",CPCB,pm10,12235512,26.4703136,80.3229863,2025-02-18T20:15:00Z,2026-10-02T08:30:00Z
Kanpur,5662,"Nehru Nagar, Kanpur - UPPCB",CPCB,pm25,12235513,26.4703136,80.3229863,2025-02-18T20:15:00Z,2026-10-02T08:30:00Z
Ahmedabad,227533,"Rakhial, Ahmedabad - IITM",CPCB,pm10,12236539,23.016834,72.625775,2025-02-18T20:15:00Z,2026-10-02T08:30:00Z
Kanpur,229252,"NSI Kalyanpur, Kanpur - UPPCB",CPCB,pm10,12236692,26.509954,80.249612,2025-02-18T20:15:00Z,2026-10-02T08:30:00Z
